Device_Index,Year,DOI,SP_Mw (kg/mol),SP_Mn (kg/mol),SP_PDI,Solvent_1,Solvent_1_BP (C),Solvent_2,Solvent_2_BP (C),Solvent_VF1 (%),SP_Concentration (g/L),Insulating_Matrix,IM_Concentration (mg/ml),IM_MW (kg/mol),IM_PDI,SP_Blend (wt%),Solution_Processing_Environment,Substrate_Type,Dielectric_Material_1,Dielectric_Material_1_Thickness (nm),Dielectric_Material_2,Dielectric_Material_2_Thickness (nm),Source/Drain_Electrode_Material,Chanel_Width (μm),Chanel_Length (μm),Capacitance_Per_Unit_Area (nF/cm2),Substrate_Treatment,Deposition_Type,Spin_Rate (rpm),Spin_Time (s),Blade_Speed (mm/s),Blade_Height (um),Blade_Angle (degrees),Channel_Orientation_WRT_Coating_Direction,Stage_Temperature (C),Anneal_Temperature (C),Anneal_Time (hr),Annealing Environment,Deposition_Environment,OFET_Configuration,OFET_Regime,Film_Thickness (nm),Average_OFET_Hole_Mobility (cm2/Vs),STDEV_OFET_Hole Mobility (cm2/Vs),Average_OFET_Electron_Mobility (cm2/Vs),STDEV_OFET_Electron_Mobility (cm2/Vs),Vth_Hole (V),Vth_Electron (V),Ion/Ioff,Mobility_Charaterization_Environment,SS (V/Decade),Transfer_Curve _Vds,Transfer_Curve_Vg_min (V),Transfer_Curve_Vg_max (V),Output Curve_Vg_min (V),Output_Curve _Vg_max (V),Output_Curve_Vd_min (V),Output_Curve_Vd_max (V)
1,2015,10.1039/C5TC02579F,299,90,3.32,C6H5CL,132,NaN,NaN,100,4,NaN,NaN,NaN,NaN,100,Ambient,N-Doped Si,SiO2,300,NaN,NaN,Au,1500,80,10,Untreated,Spin-Coating,1000,NaN,NaN,NaN,NaN,NaN,NaN,NaN,NaN,Inert,Ambient,BGTC,Saturation,NaN,0.11,NaN,NaN,NaN,NaN,NaN,3.80E+02,Ambient,8.3,NaN,-60,30,NaN,NaN,NaN,NaN
2,2015,10.1039/C5TC02579F,299,90,3.32,C6H5CL,132,NaN,NaN,100,4,NaN,NaN,NaN,NaN,100,Ambient,N-Doped Si,SiO2,300,NaN,NaN,Au,1500,80,10,MTS,Spin-Coating,1000,NaN,NaN,NaN,NaN,NaN,NaN,NaN,NaN,Inert,Ambient,BGTC,Saturation,NaN,0.29,NaN,NaN,NaN,NaN,NaN,1.60E+05,Ambient,2.6,NaN,-60,30,NaN,NaN,NaN,NaN
3,2015,10.1039/C5TC02579F,299,90,3.32,C6H5CL,132,NaN,NaN,100,4,NaN,NaN,NaN,NaN,100,Ambient,N-Doped Si,SiO2,300,NaN,NaN,Au,1500,80,10,PTS,Spin-Coating,1000,NaN,NaN,NaN,NaN,NaN,NaN,NaN,NaN,Inert,Ambient,BGTC,Saturation,NaN,0.23,NaN,NaN,NaN,NaN,NaN,2.30E+05,Ambient,2.4,NaN,-60,30,NaN,NaN,NaN,NaN
4,2015,10.1039/C5TC02579F,299,90,3.32,C6H5CL,132,NaN,NaN,100,4,NaN,NaN,NaN,NaN,100,Ambient,N-Doped Si,SiO2,300,NaN,NaN,Au,1500,80,10,OTS-8,Spin-Coating,1000,NaN,NaN,NaN,NaN,NaN,NaN,NaN,NaN,Inert,Ambient,BGTC,Saturation,NaN,0.73,NaN,NaN,NaN,NaN,NaN,6.10E+05,Ambient,2.2,NaN,-60,30,NaN,NaN,NaN,NaN
5,2015,10.1039/C5TC02579F,299,90,3.32,C6H5CL,132,NaN,NaN,100,4,NaN,NaN,NaN,NaN,100,Ambient,N-Doped Si,SiO2,300,NaN,NaN,Au,1500,80,10,OTS-18,Spin-Coating,1000,NaN,NaN,NaN,NaN,NaN,NaN,NaN,NaN,Inert,Ambient,BGTC,Saturation,NaN,1.86,NaN,NaN,NaN,NaN,NaN,1.60E+04,Ambient,3,NaN,-60,30,NaN,NaN,NaN,NaN
6,2015,10.1039/C5TC02579F,299,90,3.32,C6H5CL,132,NaN,NaN,100,4,NaN,NaN,NaN,NaN,100,Ambient,N-Doped Si,SiO2,300,NaN,NaN,Au,1500,80,10,MTS/OTS-18,Spin-Coating,1000,NaN,NaN,NaN,NaN,NaN,NaN,NaN,NaN,Inert,Ambient,BGTC,Saturation,NaN,0.21,NaN,NaN,NaN,NaN,NaN,7.40E+04,Ambient,3.3,NaN,-60,30,NaN,NaN,NaN,NaN
7,2015,10.1039/C5TC02579F,299,90,3.32,C6H5CL,132,NaN,NaN,100,4,NaN,NaN,NaN,NaN,100,Ambient,N-Doped Si,SiO2,300,NaN,NaN,Au,1500,80,10,OTS-18/MTS,Spin-Coating,1000,NaN,NaN,NaN,NaN,NaN,NaN,NaN,NaN,Inert,Ambient,BGTC,Saturation,NaN,0.34,NaN,NaN,NaN,NaN,NaN,8.00E+03,Ambient,5.7,NaN,-60,30,NaN,NaN,NaN,NaN
8,2015,10.1039/C5TC02579F,299,90,3.32,C6H5CL,132,NaN,NaN,100,4,NaN,NaN,NaN,NaN,100,Ambient,N-Doped Si,SiO2,300,NaN,NaN,Au,1500,80,10,PTS/OTS-18,Spin-Coating,1000,NaN,NaN,NaN,NaN,NaN,NaN,NaN,NaN,Inert,Ambient,BGTC,Saturation,NaN,0.24,NaN,NaN,NaN,NaN,NaN,1.40E+05,Ambient,2.3,NaN,-60,30,NaN,NaN,NaN,NaN
9,2015,10.1039/C5TC02579F,299,90,3.32,C6H5CL,132,NaN,NaN,100,4,NaN,NaN,NaN,NaN,100,Ambient,N-Doped Si,SiO2,300,NaN,NaN,Au,1500,80,10,OTS-18/PTS,Spin-Coating,1000,NaN,NaN,NaN,NaN,NaN,NaN,NaN,NaN,Inert,Ambient,BGTC,Saturation,NaN,1.97,NaN,NaN,NaN,NaN,NaN,1.30E+06,Ambient,2.2,NaN,-60,30,NaN,NaN,NaN,NaN
10,2015,10.1039/C5TC02579F,299,90,3.32,C6H5CL,132,NaN,NaN,100,4,NaN,NaN,NaN,NaN,100,Ambient,N-Doped Si,SiO2,300,NaN,NaN,Au,1500,80,10,OTS-8/OTS-18,Spin-Coating,1000,NaN,NaN,NaN,NaN,NaN,NaN,NaN,NaN,Inert,Ambient,BGTC,Saturation,NaN,0.69,NaN,NaN,NaN,NaN,NaN,6.70E+05,Ambient,2.1,NaN,-60,30,NaN,NaN,NaN,NaN
11,2015,10.1039/C5TC02579F,299,90,3.32,C6H5CL,132,NaN,NaN,100,4,NaN,NaN,NaN,NaN,100,Ambient,N-Doped Si,SiO2,300,NaN,NaN,Au,1500,80,10,OTS-18/OTS-8,Spin-Coating,1000,NaN,NaN,NaN,NaN,NaN,NaN,NaN,NaN,Inert,Ambient,BGTC,Saturation,NaN,2.04,NaN,NaN,NaN,NaN,NaN,1.50E+06,Ambient,2.1,NaN,-60,30,NaN,NaN,NaN,NaN
12,2017,10.1021/acs.chemmater.7b03019,292.2,74.9,3.9,CHCL3,61.2,NaN,NaN,100,5,NaN,NaN,NaN,NaN,100,Ambient,N-Doped Si,SiO2,300,NaN,NaN,Au/Cr,2000,50,11.5,Untreated,Spin-Coating,1500,60,NaN,NaN,NaN,NaN,NaN,160,1,Ambient,Ambient,BGBC,Saturation,50.42,0.81,NaN,NaN,NaN,NaN,NaN,NaN,Nitrogen,NaN,-80,-80,10,-80,0,-80,0
13,2017,10.1021/acs.chemmater.7b03019,292.2,74.9,3.9,CHCL3,61.2,NaN,NaN,100,5,PDMS,200,NaN,NaN,0.83,Ambient,N-Doped Si,SiO2,300,NaN,NaN,Au/Cr,2000,50,11.5,Untreated,Spin-Coating,1500,60,NaN,NaN,NaN,NaN,NaN,160,1,Ambient,Ambient,BGBC,Saturation,NaN,1.53,NaN,NaN,NaN,NaN,NaN,NaN,Nitrogen,NaN,-80,-80,10,-80,0,-80,0
14,2019,10.1021/acs.chemmater.8b05224,292.2,74.9,3.9,CHCL3,61.2,NaN,NaN,100,5,PDMS,200,NaN,NaN,0.41,Ambient,N-Doped Si,SiO2,300,NaN,NaN,Au/Cr,2000,50,11.5,Untreated,Spin-Coating,1500,60,NaN,NaN,NaN,NaN,NaN,160,1,Ambient,Ambient,BGBC,Saturation,NaN,0.9,NaN,NaN,NaN,NaN,NaN,NaN,Nitrogen,NaN,-80,-80,10,-80,0,-80,0
15,2019,10.1021/acs.chemmater.8b05224,292.2,74.9,3.9,CHCL3,61.2,NaN,NaN,100,5,PDMS,200,NaN,NaN,0.49,Ambient,N-Doped Si,SiO2,300,NaN,NaN,Au/Cr,2000,50,11.5,Untreated,Spin-Coating,1500,60,NaN,NaN,NaN,NaN,NaN,160,1,Ambient,Ambient,BGBC,Saturation,NaN,1.1,NaN,NaN,NaN,NaN,NaN,NaN,Nitrogen,NaN,-80,-80,10,-80,0,-80,0
16,2019,10.1021/acs.chemmater.8b05224,292.2,74.9,3.9,CHCL3,61.2,NaN,NaN,100,5,PDMS,200,NaN,NaN,0.62,Ambient,N-Doped Si,SiO2,300,NaN,NaN,Au/Cr,2000,50,11.5,Untreated,Spin-Coating,1500,60,NaN,NaN,NaN,NaN,NaN,160,1,Ambient,Ambient,BGBC,Saturation,NaN,1.25,NaN,NaN,NaN,NaN,NaN,NaN,Nitrogen,NaN,-80,-80,10,-80,0,-80,0
17,2019,10.1021/acs.chemmater.8b05224,292.2,74.9,3.9,CHCL3,61.2,NaN,NaN,100,5,PDMS,200,NaN,NaN,1.23,Ambient,N-Doped Si,SiO2,300,NaN,NaN,Au/Cr,2000,50,11.5,Untreated,Spin-Coating,1500,60,NaN,NaN,NaN,NaN,NaN,160,1,Ambient,Ambient,BGBC,Saturation,NaN,1.3,NaN,NaN,NaN,NaN,NaN,NaN,Nitrogen,NaN,-80,-80,10,-80,0,-80,0
18,2019,10.1021/acs.chemmater.8b05224,292.2,74.9,3.9,CHCL3,61.2,NaN,NaN,100,5,PDMS,200,NaN,NaN,2.44,Ambient,N-Doped Si,SiO2,300,NaN,NaN,Au/Cr,2000,50,11.5,Untreated,Spin-Coating,1500,60,NaN,NaN,NaN,NaN,NaN,160,1,Ambient,Ambient,BGBC,Saturation,NaN,1.25,NaN,NaN,NaN,NaN,NaN,NaN,Nitrogen,NaN,-80,-80,10,-80,0,-80,0
19,2019,10.1021/acs.chemmater.8b05224,292.2,74.9,3.9,CHCL3,61.2,NaN,NaN,100,5,PDMS,200,NaN,NaN,16.67,Ambient,N-Doped Si,SiO2,300,NaN,NaN,Au/Cr,2000,50,11.5,Untreated,Spin-Coating,1500,60,NaN,NaN,NaN,NaN,NaN,160,1,Ambient,Ambient,BGBC,Saturation,NaN,0.9,NaN,NaN,NaN,NaN,NaN,NaN,Nitrogen,NaN,-80,-80,10,-80,0,-80,0
20,2019,10.1021/acs.chemmater.8b05224,292.2,74.9,3.9,CHCL3,61.2,NaN,NaN,100,5,PDMS,200,NaN,NaN,50,Ambient,N-Doped Si,SiO2,300,NaN,NaN,Au/Cr,2000,50,11.5,Untreated,Spin-Coating,1500,60,NaN,NaN,NaN,NaN,NaN,160,1,Ambient,Ambient,BGBC,Saturation,NaN,0.6,NaN,NaN,NaN,NaN,NaN,NaN,Nitrogen,NaN,-80,-80,10,-80,0,-80,0
21,2012,10.1038/srep00754 ,91,29,3.14,C6H5CL,132,NaN,NaN,100,5,NaN,NaN,NaN,NaN,100,Ambient,NaN,NaN,NaN,NaN,NaN,NaN,NaN,NaN,NaN,NaN,Spin-Coating,NaN,NaN,NaN,NaN,NaN,NaN,NaN,160,0.5,Inert,Ambient,NaN,Saturation,NaN,1,NaN,NaN,NaN,NaN,NaN,NaN,Ambient,NaN,NaN,NaN,NaN,NaN,NaN,NaN,NaN
22,2012,10.1038/srep00754 ,344,71,4.85,C6H5CL,132,NaN,NaN,100,5,NaN,NaN,NaN,NaN,100,Ambient,NaN,NaN,NaN,NaN,NaN,NaN,NaN,NaN,NaN,NaN,Spin-Coating,NaN,NaN,NaN,NaN,NaN,NaN,NaN,160,0.5,Inert,Ambient,NaN,Saturation,NaN,3.8,NaN,NaN,NaN,NaN,NaN,NaN,Ambient,NaN,NaN,NaN,NaN,NaN,NaN,NaN,NaN
23,2012,10.1038/srep00754 ,501,110,4.55,C6H5CL,132,NaN,NaN,100,5,NaN,NaN,NaN,NaN,100,Ambient,NaN,NaN,NaN,NaN,NaN,NaN,NaN,NaN,NaN,NaN,Spin-Coating,NaN,NaN,NaN,NaN,NaN,NaN,NaN,160,0.5,Inert,Ambient,NaN,Saturation,NaN,8.5,NaN,NaN,NaN,NaN,NaN,NaN,Ambient,NaN,NaN,NaN,NaN,NaN,NaN,NaN,NaN
24,2012,10.1038/srep00754 ,501,110,4.55,C6H5CL,132,NaN,NaN,100,5,NaN,NaN,NaN,NaN,100,Ambient,N-Doped Si,SiO2,200,NaN,NaN,Au,4000,100,17.25,OTS-8,Spin-Coating,NaN,NaN,NaN,NaN,NaN,NaN,NaN,160,0.5,Inert,Ambient,BGTC,Saturation,NaN,6.85,1.35,NaN,NaN,2,NaN,5.50E+07,Ambient,0.9,-60,-60,10,-40,10,-60,10
25,2012,10.1038/srep00754 ,501,110,4.55,C6H5CL,132,NaN,NaN,100,5,NaN,NaN,NaN,NaN,100,Ambient,N-Doped Si,SiO2,200,NaN,NaN,Au,4000,125,17.25,OTS-8,Spin-Coating,NaN,NaN,NaN,NaN,NaN,NaN,NaN,160,0.5,Inert,Ambient,BGTC,Saturation,NaN,7.25,1.75,NaN,NaN,2,NaN,5.50E+07,Ambient,0.9,-60,-60,10,-40,10,-60,10
26,2012,10.1038/srep00754 ,501,110,4.55,C6H5CL,132,NaN,NaN,100,5,NaN,NaN,NaN,NaN,100,Ambient,N-Doped Si,SiO2,300,NaN,NaN,Au,1400,30,11,OTS-18,Spin-Coating,NaN,NaN,NaN,NaN,NaN,NaN,NaN,160,0.5,Ambient,Ambient,BGBC,Saturation,NaN,5.75,2.25,NaN,NaN,-1,NaN,5.05E+07,Ambient,1.2,-80,-30,5,-20,4,-60,0
27,2012,10.1038/srep00754 ,501,110,4.55,C6H5CL,132,NaN,NaN,100,5,NaN,NaN,NaN,NaN,100,Ambient,N-Doped Si,SiO2,300,NaN,NaN,Au,1400,40,11,OTS-18,Spin-Coating,NaN,NaN,NaN,NaN,NaN,NaN,NaN,160,0.5,Ambient,Ambient,BGBC,Saturation,NaN,7.95,2.55,NaN,NaN,-1,NaN,5.05E+07,Ambient,1.05,-80,-30,5,-20,4,-60,0
28,2012,10.1038/srep00754 ,501,110,4.55,C6H5CL,132,NaN,NaN,100,5,NaN,NaN,NaN,NaN,100,Ambient,N-Doped Si,SiO2,300,NaN,NaN,Au,1400,50,11,OTS-18,Spin-Coating,NaN,NaN,NaN,NaN,NaN,NaN,NaN,160,0.5,Ambient,Ambient,BGBC,Saturation,NaN,7.85,2.65,NaN,NaN,-1.5,NaN,5.05E+07,Ambient,1.05,-80,-30,5,-20,4,-60,0
29,2012,10.1038/srep00754 ,501,110,4.55,C6H5CL,132,NaN,NaN,100,5,NaN,NaN,NaN,NaN,100,Ambient,N-Doped Si,SiO2,200,NaN,NaN,Au,4000,125,17.25,OTS-8,Blade-Coating,NaN,NaN,NaN,NaN,NaN,NaN,NaN,160,NaN,Inert,Ambient,BGTC,Saturation,NaN,4.4,0.9,NaN,NaN,0,NaN,5.50E+06,Ambient,1.1,-60,-60,10,-40,10,-60,10
30,2012,10.1038/srep00754 ,501,110,4.55,C6H5CL,132,NaN,NaN,100,5,NaN,NaN,NaN,NaN,100,Ambient,N-Doped Si,SiO2,200,NaN,NaN,Au,1400,125,17.25,OTS-8,Inkjet-Coating,NaN,NaN,NaN,NaN,NaN,NaN,NaN,160,NaN,Inert,Ambient,BGTC,Saturation,NaN,2.65,1.1,NaN,NaN,0,NaN,5.50E+05,Ambient,1.1,-60,-60,10,-40,10,-60,10
31,2012,10.1038/srep00754 ,501,110,4.55,C6H5CL,132,NaN,NaN,100,5,NaN,NaN,NaN,NaN,100,Ambient,PET,PAN,800,PMSQ,50,Au,7000,70,11.5,OTS-18,Spin-Coating,NaN,NaN,NaN,NaN,NaN,NaN,NaN,160,0.5,Ambient,Ambient,BGBC,Saturation,NaN,3.5,1.8,NaN,NaN,-2,NaN,5.00E+07,Ambient,1.65,-60,-40,5,-40,10,-60,10
32,2016,10.1038/srep24476 ,199,55,3.62,C6H4CL2,180,NaN,NaN,100,4,NaN,NaN,NaN,NaN,100,Ambient,N-Doped Si,SiO2,350,NaN,NaN,Au,1500,80,11.5,OTS-18,Spin-Coating,1500,150,NaN,NaN,NaN,NaN,NaN,25,1,Ambient,Ambient,BGTC,Saturation,NaN,1.16,NaN,NaN,NaN,9.7,NaN,2.00E+05,Ambient,NaN,NaN,-60,20,-60,0,-60,0
33,2016,10.1038/srep24476 ,199,55,3.62,C6H4CL2,180,NaN,NaN,100,4,PS,4,2.2,1.01,80,Ambient,N-Doped Si,SiO2,350,NaN,NaN,Au,1500,80,11.5,OTS-18,Spin-Coating,1500,150,NaN,NaN,NaN,NaN,NaN,25,1,Ambient,Ambient,BGTC,Saturation,NaN,3.39,NaN,NaN,NaN,6.4,NaN,2.00E+06,Ambient,NaN,NaN,-60,20,-60,0,-60,0
34,2016,10.1038/srep24476 ,199,55,3.62,C6H4CL2,180,NaN,NaN,100,4,PS,4,2.2,1.01,60,Ambient,N-Doped Si,SiO2,350,NaN,NaN,Au,1500,80,11.5,OTS-18,Spin-Coating,1500,150,NaN,NaN,NaN,NaN,NaN,25,1,Ambient,Ambient,BGTC,Saturation,NaN,5.8,NaN,NaN,NaN,6.3,NaN,3.00E+06,Ambient,NaN,NaN,-60,20,-60,0,-60,0
35,2016,10.1038/srep24476 ,199,55,3.62,C6H4CL2,180,NaN,NaN,100,4,PS,4,2.2,1.01,40,Ambient,N-Doped Si,SiO2,350,NaN,NaN,Au,1500,80,11.5,OTS-18,Spin-Coating,1500,150,NaN,NaN,NaN,NaN,NaN,25,1,Ambient,Ambient,BGTC,Saturation,NaN,6.76,NaN,NaN,NaN,1.7,NaN,1.00E+07,Ambient,NaN,NaN,-60,20,-60,0,-60,0
36,2016,10.1038/srep24476 ,199,55,3.62,C6H4CL2,180,NaN,NaN,100,4,PS,4,2.2,1.01,20,Ambient,N-Doped Si,SiO2,350,NaN,NaN,Au,1500,80,11.5,OTS-18,Spin-Coating,1500,150,NaN,NaN,NaN,NaN,NaN,25,1,Ambient,Ambient,BGTC,Saturation,NaN,2.57,NaN,NaN,NaN,4.6,NaN,1.00E+07,Ambient,NaN,NaN,-60,20,-60,0,-60,0
37,2016,10.1038/srep24476 ,199,55,3.62,C6H4CL2,180,NaN,NaN,100,4,PS,4,19.7,1.03,40,Ambient,N-Doped Si,SiO2,350,NaN,NaN,Au,1500,80,11.5,OTS-18,Spin-Coating,1500,150,NaN,NaN,NaN,NaN,NaN,25,1,Ambient,Ambient,BGTC,Saturation,NaN,6,NaN,NaN,NaN,NaN,NaN,NaN,Ambient,NaN,NaN,-60,20,-60,0,-60,0
38,2016,10.1038/srep24476 ,199,55,3.62,C6H4CL2,180,NaN,NaN,100,4,PS,4,97.1,1.03,40,Ambient,N-Doped Si,SiO2,350,NaN,NaN,Au,1500,80,11.5,OTS-18,Spin-Coating,1500,150,NaN,NaN,NaN,NaN,NaN,25,1,Ambient,Ambient,BGTC,Saturation,NaN,5,NaN,NaN,NaN,NaN,NaN,NaN,Ambient,NaN,NaN,-60,20,-60,0,-60,0
39,2016,10.1038/srep24476 ,199,55,3.62,C6H4CL2,180,NaN,NaN,100,4,PS,4,301.6,1.04,40,Ambient,N-Doped Si,SiO2,350,NaN,NaN,Au,1500,80,11.5,OTS-18,Spin-Coating,1500,150,NaN,NaN,NaN,NaN,NaN,25,1,Ambient,Ambient,BGTC,Saturation,NaN,4,NaN,NaN,NaN,NaN,NaN,NaN,Ambient,NaN,NaN,-60,20,-60,0,-60,0
40,2020,10.1016/j.cplett.2020.137507 ,91,29,3.14,CHCL3,61.2,NaN,NaN,100,6.5,NaN,NaN,NaN,NaN,100,Ambient,N-Doped Si,Si3N4,NaN,NaN,NaN,Au,3000,120,15,Untreated,Spin-Coating,1000,120,NaN,NaN,NaN,NaN,NaN,NaN,NaN,Nitrogen,Ambient,BGBC,Saturation,50,3.00E-04,NaN,NaN,NaN,NaN,NaN,NaN,Ambient,NaN,-60,-80,0,-80,0,-80,0
41,2020,10.1016/j.cplett.2020.137507 ,91,29,3.14,CHCL3,61.2,NaN,NaN,100,6.5,NaN,NaN,NaN,NaN,100,Ambient,N-Doped Si,Si3N4,NaN,NaN,NaN,Au,3000,120,15,Untreated,Spin-Coating,1000,120,NaN,NaN,NaN,NaN,NaN,65,NaN,Nitrogen,Ambient,BGBC,Saturation,50,8.50E-04,NaN,NaN,NaN,NaN,NaN,NaN,Ambient,NaN,-60,-80,0,-80,0,-80,0
42,2020,10.1016/j.cplett.2020.137507 ,91,29,3.14,CHCL3,61.2,NaN,NaN,100,6.5,NaN,NaN,NaN,NaN,100,Ambient,N-Doped Si,Si3N4,NaN,NaN,NaN,Au,3000,120,15,Untreated,Spin-Coating,1000,120,NaN,NaN,NaN,NaN,NaN,100,NaN,Nitrogen,Ambient,BGBC,Saturation,50,3.50E-03,NaN,NaN,NaN,NaN,NaN,NaN,Ambient,NaN,-60,-80,0,-80,0,-80,0
43,2020,10.1016/j.cplett.2020.137507 ,91,29,3.14,CHCL3,61.2,NaN,NaN,100,6.5,NaN,NaN,NaN,NaN,100,Ambient,N-Doped Si,Si3N4,NaN,NaN,NaN,Au,3000,120,15,Untreated,Spin-Coating,1000,120,NaN,NaN,NaN,NaN,NaN,150,NaN,Nitrogen,Ambient,BGBC,Saturation,50,5.70E-04,NaN,NaN,NaN,NaN,NaN,NaN,Ambient,NaN,-60,-80,0,-80,0,-80,0
44,2020,10.1016/j.cplett.2020.137507 ,91,29,3.14,CHCL3,61.2,NaN,NaN,100,6.5,NaN,NaN,NaN,NaN,100,Ambient,N-Doped Si,Si3N4,NaN,NaN,NaN,Au,3000,120,15,Untreated,Spin-Coating,1000,120,NaN,NaN,NaN,NaN,NaN,NaN,NaN,Nitrogen,Ambient,BGBC,Linear,50,9.50E-05,NaN,NaN,NaN,NaN,NaN,NaN,Ambient,NaN,-10,-80,0,-80,0,-80,0
45,2020,10.1016/j.cplett.2020.137507 ,91,29,3.14,CHCL3,61.2,NaN,NaN,100,6.5,NaN,NaN,NaN,NaN,100,Ambient,N-Doped Si,Si3N4,NaN,NaN,NaN,Au,3000,120,15,Untreated,Spin-Coating,1000,120,NaN,NaN,NaN,NaN,NaN,65,NaN,Nitrogen,Ambient,BGBC,Linear,50,2.00E-04,NaN,NaN,NaN,NaN,NaN,NaN,Ambient,NaN,-10,-80,0,-80,0,-80,0
46,2020,10.1016/j.cplett.2020.137507 ,91,29,3.14,CHCL3,61.2,NaN,NaN,100,6.5,NaN,NaN,NaN,NaN,100,Ambient,N-Doped Si,Si3N4,NaN,NaN,NaN,Au,3000,120,15,Untreated,Spin-Coating,1000,120,NaN,NaN,NaN,NaN,NaN,100,NaN,Nitrogen,Ambient,BGBC,Linear,50,1.02E-03,NaN,NaN,NaN,NaN,NaN,NaN,Ambient,NaN,-10,-80,0,-80,0,-80,0
47,2020,10.1016/j.cplett.2020.137507 ,91,29,3.14,CHCL3,61.2,NaN,NaN,100,6.5,NaN,NaN,NaN,NaN,100,Ambient,N-Doped Si,Si3N4,NaN,NaN,NaN,Au,3000,120,15,Untreated,Spin-Coating,1000,120,NaN,NaN,NaN,NaN,NaN,150,NaN,Nitrogen,Ambient,BGBC,Linear,50,3.65E-04,NaN,NaN,NaN,NaN,NaN,NaN,Ambient,NaN,-10,-80,0,-80,0,-80,0
48,2020,10.1021/acs.chemmater.0c02199 ,290,143,2.03,C6H4CL2,180,NaN,NaN,100,3,NaN,NaN,NaN,NaN,100,Ambient,N-Doped Si,SiO2,220,NaN,NaN,Ag,1000,30,7.3,OTS-18,Spin-Coating,2000,240,NaN,NaN,NaN,NaN,NaN,25,1,Ambient,Ambient,BGTC,Saturation,20,0.0484,0.02,0.104,0.024,-15.5,14,NaN,Nitrogen,NaN,-30,-30,0,-20,0,-30,0
49,2020,10.1021/acs.chemmater.0c02199 ,290,143,2.03,C6H4CL2,180,NaN,NaN,100,3,NaN,NaN,NaN,NaN,100,Ambient,N-Doped Si,SiO2,220,NaN,NaN,Ag,1000,30,7.3,OTS-18,Spin-Coating,800,240,NaN,NaN,NaN,NaN,NaN,25,1,Ambient,Ambient,BGTC,Saturation,30,0.1812,0.03,0.0716,0.02,-13,15.2,NaN,Nitrogen,NaN,-30,-30,0,-20,0,-30,0
50,2020,10.1021/acs.chemmater.0c02199 ,290,143,2.03,C6H4CL2,180,NaN,NaN,100,7,NaN,NaN,NaN,NaN,100,Ambient,N-Doped Si,SiO2,220,NaN,NaN,Ag,1000,30,7.3,OTS-18,Spin-Coating,2000,240,NaN,NaN,NaN,NaN,NaN,25,1,Ambient,Ambient,BGTC,Saturation,60,0.0901,0.013,0.0206,0.013,-12.4,14.07,NaN,Nitrogen,NaN,-30,-30,0,-20,0,-30,0
51,2020,10.1021/acs.chemmater.0c02199 ,290,143,2.03,C6H4CL2,180,NaN,NaN,100,7,NaN,NaN,NaN,NaN,100,Ambient,N-Doped Si,SiO2,220,NaN,NaN,Ag,1000,30,7.3,OTS-18,Spin-Coating,800,240,NaN,NaN,NaN,NaN,NaN,25,1,Ambient,Ambient,BGTC,Saturation,100,0.0641,0.012,0.0099,0.003,-12.9,15,NaN,Nitrogen,NaN,-30,-30,0,-20,0,-30,0
52,2018,10.1016/j.spmi.2018.12.022 ,100,67,3,CHCL3,61.2,NaN,NaN,100,6.5,NaN,NaN,NaN,NaN,100,Ambient,N-Doped Si,Si3N4,400,PMMA,NaN,Au/MoO3,3000,120,10,Untreated,Spin-Coating,1000,60,NaN,NaN,NaN,NaN,NaN,100,0.33,Nitrogen,Ambient,BGTC,Saturation,NaN,0.2,0.02,NaN,NaN,-15,NaN,1.00E+07,Ambient,NaN,-80,-100,0,-100,-30,-80,0
53,2019,10.1039/c8sm02517g ,279,77,3.65,CHCL3,61.2,NaN,NaN,100,1.6,NaN,NaN,NaN,NaN,100,Ambient,N-Doped Si,SiO2,200,NaN,NaN,Au/Cr,1000,100,NaN,DTS,Spin-Coating,1500,30,NaN,NaN,NaN,NaN,NaN,25,NaN,Nitrogen,Ambient,BGBC,Saturation,NaN,0.7,0.1,NaN,NaN,NaN,NaN,100,Nitrogen,NaN,NaN,-20,10,-60,0,-60,0
54,2019,10.1039/c8sm02517g ,279,77,3.65,CHCL3,61.2,CH3OH,64.7,85,1.6,NaN,NaN,NaN,NaN,100,Ambient,N-Doped Si,SiO2,200,NaN,NaN,Au/Cr,1000,100,NaN,DTS,Spin-Coating,1500,30,NaN,NaN,NaN,NaN,NaN,25,NaN,Nitrogen,Ambient,BGBC,Saturation,NaN,3,2,NaN,NaN,NaN,NaN,1000,Nitrogen,NaN,NaN,-20,10,-60,0,-60,0
55,2020,10.1002/adfm.201909787,102,43,2,CHCL3,61.2,NaN,NaN,100,0.5,NaN,NaN,NaN,NaN,100,Ambient,N-Doped Si,SiO2,300,NaN,NaN,Ag/MoO3,800,40,11,OTS-18,Blade-Coating,NaN,NaN,0.5,100,8,Parallel,25,25,NaN,NaN,Ambient,BGTC,Saturation,3.5,1.00E-04,4.00E-03,NaN,NaN,-35,NaN,100,Nitrogen,NaN,NaN,-100,20,-100,-40,-100,0
56,2020,10.1002/adfm.201909787,102,43,2,CHCL3,61.2,NaN,NaN,100,0.75,NaN,NaN,NaN,NaN,100,Ambient,N-Doped Si,SiO2,300,NaN,NaN,Ag/MoO3,800,40,11,OTS-18,Blade-Coating,NaN,NaN,0.5,100,8,Parallel,25,25,NaN,NaN,Ambient,BGTC,Saturation,7.5,1.00E-02,0.992,NaN,NaN,-25,NaN,1000,Nitrogen,NaN,NaN,-100,20,-100,-40,-100,0
57,2020,10.1002/adfm.201909787,102,43,2,CHCL3,61.2,NaN,NaN,100,1,NaN,NaN,NaN,NaN,100,Ambient,N-Doped Si,SiO2,300,NaN,NaN,Ag/MoO3,800,40,11,OTS-18,Blade-Coating,NaN,NaN,0.5,100,8,Parallel,25,25,NaN,NaN,Ambient,BGTC,Saturation,13,5.00E-02,2.00E-01,NaN,NaN,-22.5,NaN,10000,Nitrogen,NaN,NaN,-100,20,-100,-40,-100,0
58,2020,10.1002/adfm.201909787,102,43,2,CHCL3,61.2,NaN,NaN,100,2,NaN,NaN,NaN,NaN,100,Ambient,N-Doped Si,SiO2,300,NaN,NaN,Ag/MoO3,800,40,11,OTS-18,Blade-Coating,NaN,NaN,0.5,100,8,Parallel,25,25,NaN,NaN,Ambient,BGTC,Saturation,27,1.00E-01,2.00E-01,NaN,NaN,-15,NaN,1.00E+06,Nitrogen,NaN,NaN,-100,20,-100,-40,-100,0
59,2020,10.1002/adfm.201909787,102,43,2,CHCL3,61.2,NaN,NaN,100,5,NaN,NaN,NaN,NaN,100,Ambient,N-Doped Si,SiO2,300,NaN,NaN,Ag/MoO3,800,40,11,OTS-18,Blade-Coating,NaN,NaN,0.5,100,8,Parallel,25,25,NaN,NaN,Ambient,BGTC,Saturation,42,6.00E-01,2.00E-01,NaN,NaN,-5,NaN,1.00E+05,Nitrogen,NaN,NaN,-100,20,-100,-40,-100,0
60,2020,10.1002/adfm.201909787,102,43,2,CHCL3,61.2,NaN,NaN,100,0.5,NaN,NaN,NaN,NaN,100,Ambient,N-Doped Si,SiO2,300,NaN,NaN,Ag/MoO3,800,40,11,OTS-18,Blade-Coating,NaN,NaN,0.5,100,8,Perpendicular,25,25,NaN,NaN,Ambient,BGTC,Saturation,3.5,8.00E-04,4.00E-03,NaN,NaN,-35,NaN,1.00E+02,Nitrogen,NaN,NaN,-100,20,-100,-40,-100,0
61,2020,10.1002/adfm.201909787,102,43,2,CHCL3,61.2,NaN,NaN,100,0.75,NaN,NaN,NaN,NaN,100,Ambient,N-Doped Si,SiO2,300,NaN,NaN,Ag/MoO3,800,40,11,OTS-18,Blade-Coating,NaN,NaN,0.5,100,8,Perpendicular,25,25,NaN,NaN,Ambient,BGTC,Saturation,7.5,6.00E-02,9.92E-01,NaN,NaN,-25,NaN,1.00E+03,Nitrogen,NaN,NaN,-100,20,-100,-40,-100,0
62,2020,10.1002/adfm.201909787,102,43,2,CHCL3,61.2,NaN,NaN,100,1,NaN,NaN,NaN,NaN,100,Ambient,N-Doped Si,SiO2,300,NaN,NaN,Ag/MoO3,800,40,11,OTS-18,Blade-Coating,NaN,NaN,0.5,100,8,Perpendicular,25,25,NaN,NaN,Ambient,BGTC,Saturation,13,2.00E-01,2.00E-01,NaN,NaN,-22.5,NaN,1.00E+04,Nitrogen,NaN,NaN,-100,20,-100,-40,-100,0
63,2020,10.1002/adfm.201909787,102,43,2,CHCL3,61.2,NaN,NaN,100,2,NaN,NaN,NaN,NaN,100,Ambient,N-Doped Si,SiO2,300,NaN,NaN,Ag/MoO3,800,40,11,OTS-18,Blade-Coating,NaN,NaN,0.5,100,8,Perpendicular,25,25,NaN,NaN,Ambient,BGTC,Saturation,27,8.00E-01,2.00E-01,NaN,NaN,-15,NaN,1.00E+06,Nitrogen,NaN,NaN,-100,20,-100,-40,-100,0
64,2020,10.1002/adfm.201909787,102,43,2,CHCL3,61.2,NaN,NaN,100,5,NaN,NaN,NaN,NaN,100,Ambient,N-Doped Si,SiO2,300,NaN,NaN,Ag/MoO3,800,40,11,OTS-18,Blade-Coating,NaN,NaN,0.5,100,8,Perpendicular,25,25,NaN,NaN,Ambient,BGTC,Saturation,42,5.00E-01,2.00E-01,NaN,NaN,-5,NaN,1.00E+05,Nitrogen,NaN,NaN,-100,20,-100,-40,-100,0
65,2020,10.1063/1.5135977 ,250,NaN,NaN,C6H4CL2,180,NaN,NaN,100,2,NaN,NaN,NaN,NaN,100,Ambient,Glass,6FDA-DABC,143,NaN,NaN,Au,1000,50,0.196,Untreated,Spin-Coating,3000,60,NaN,NaN,NaN,NaN,NaN,100,1,Ambient,Ambient,BGTC,Saturation,NaN,1.10E-01,2.00E-02,NaN,NaN,0.08,NaN,2.82E+05,Ambient,0.81,-10,-10,5,NaN,NaN,-10,0
66,2020,10.1063/1.5135977 ,250,NaN,NaN,C6H4CL2,180,NaN,NaN,100,2,PS,1.4,280,NaN,NaN,Ambient,Glass,6FDA-DABC,143,NaN,NaN,Au,1000,50,0.196,Untreated,Spin-Coating,3000,60,NaN,NaN,NaN,NaN,NaN,100,1,Ambient,Ambient,BGTC,Saturation,NaN,3.00E-01,2.00E-02,NaN,NaN,-0.17,NaN,4.46E+05,Ambient,0.59,-10,-10,5,NaN,NaN,-10,0
67,2020,10.1063/1.5135977,250,NaN,NaN,C6H4CL2,180,NaN,NaN,100,2,PS,1.4,280,NaN,NaN,Ambient,Glass,6FDA-DABC,77,NaN,NaN,Au,1000,50,0.354,Untreated,Spin-Coating,3000,60,NaN,NaN,NaN,NaN,NaN,25,1,Nitrogen,Ambient,BGTC,Saturation,NaN,1.00E-01,1.00E-02,NaN,NaN,-0.8,NaN,2.32E+05,Ambient,0.44,-5,-5,1,NaN,NaN,-5,0
68,2020,10.1063/1.5135977,250,NaN,NaN,C6H4CL2,180,NaN,NaN,100,2,PS,1.4,280,NaN,NaN,Ambient,Glass,6FDA-DABC,77,NaN,NaN,Au,1000,50,0.354,Untreated,Spin-Coating,3000,60,NaN,NaN,NaN,NaN,NaN,100,1,Ambient,Ambient,BGTC,Saturation,NaN,1.10E-01,1.00E-02,NaN,NaN,-0.8,NaN,1.63E+05,Ambient,0.64,-5,-5,1,NaN,NaN,-5,0
69,2020,10.1063/1.5135977,250,NaN,NaN,C6H4CL2,180,NaN,NaN,100,2,PS,1.4,280,NaN,NaN,Ambient,Glass,6FDA-DABC,77,NaN,NaN,Au,1000,50,0.354,Untreated,Spin-Coating,3000,60,NaN,NaN,NaN,NaN,NaN,25,1,Nitrogen,Ambient,BGTC,Linear,NaN,2.00E-02,NaN,NaN,NaN,-0.54,NaN,1.73E+04,Ambient,0.15,-0.5,-5,1,NaN,NaN,-5,0
70,2020,10.1063/1.5135977,250,NaN,NaN,C6H4CL2,180,NaN,NaN,100,2,PS,1.4,280,NaN,NaN,Ambient,Glass,6FDA-DABC,77,NaN,NaN,Au,1000,50,0.354,Untreated,Spin-Coating,3000,60,NaN,NaN,NaN,NaN,NaN,100,1,Ambient,Ambient,BGTC,Linear,NaN,0.02,NaN,NaN,NaN,-0.54,NaN,1.73E+04,Ambient,0.15,-0.5,-5,1,NaN,NaN,-5,0
71,2015,10.1039/c5tc02133b ,350,125,2.8,CHCL3,61.2,C6H4Cl2,180,93,4,NaN,NaN,NaN,NaN,100,Ambient,N-Doped Si,Si3N4,400,PMMA,150,Au,NaN,NaN,NaN,Untreated,Spin-Coating,1000,60,NaN,NaN,NaN,NaN,NaN,NaN,NaN,NaN,NaN,BGTC,Saturation,100,2.00E+00,NaN,1,NaN,NaN,NaN,NaN,Nitrogen,NaN,-100,-100,100,-100,0,NaN,NaN
72,2015,10.1039/c5tc02133b ,350,125,2.8,CHCL3,61.2,NaN,NaN,100,4,NaN,NaN,NaN,NaN,100,Ambient,N-Doped Si,Si3N4,400,PMMA,150,Au,NaN,NaN,NaN,Untreated,Spin-Coating,1000,60,NaN,NaN,NaN,NaN,NaN,NaN,NaN,NaN,NaN,BGTC,Saturation,100,1.00E+00,NaN,0.35,NaN,NaN,NaN,NaN,Nitrogen,NaN,-100,-100,100,-100,0,NaN,NaN
73,2015,10.1039/c5tc02133b ,50,20,2.5,CHCL3,61.2,C6H4Cl2,180,93,4,NaN,NaN,NaN,NaN,100,Ambient,N-Doped Si,Si3N4,400,PMMA,150,Au,NaN,NaN,NaN,Untreated,Spin-Coating,1000,60,NaN,NaN,NaN,NaN,NaN,NaN,NaN,NaN,NaN,BGTC,Saturation,100,1.00E-01,NaN,1.00E-02,NaN,NaN,NaN,NaN,Nitrogen,NaN,-100,-100,100,-100,0,NaN,NaN
74,2015,10.1039/c5tc02133b ,350,125,2.8,CHCL3,61.2,C6H4Cl2,180,93,4,PC70BM,NaN,NaN,NaN,25,Ambient,N-Doped Si,Si3N4,400,PMMA,150,Au,NaN,NaN,NaN,Untreated,Spin-Coating,1000,60,NaN,NaN,NaN,NaN,NaN,NaN,NaN,NaN,NaN,BGTC,Saturation,NaN,1.00E-01,NaN,0,NaN,NaN,NaN,NaN,Nitrogen,NaN,-100,-100,100,-100,0,NaN,NaN
75,2015,10.1039/c5tc02133b ,50,20,2.5,CHCL3,61.2,C6H4Cl2,180,93,4,PC70BM,NaN,NaN,NaN,25,Ambient,N-Doped Si,Si3N4,400,PMMA,150,Au,NaN,NaN,NaN,Untreated,Spin-Coating,1000,60,NaN,NaN,NaN,NaN,NaN,NaN,NaN,NaN,NaN,BGTC,Saturation,NaN,1.00E-02,NaN,0,NaN,NaN,NaN,NaN,Nitrogen,NaN,-100,-100,100,-100,0,NaN,NaN
76,2013,10.1039/c3nr03989g ,NaN,106,NaN,NaN,NaN,NaN,NaN,NaN,10,PCBM,NaN,NaN,NaN,100,Ambient,N-Doped Si,SiO2,300,NaN,NaN,Au,15000,10,10.5,OTS-18,Spin-Coating,NaN,NaN,NaN,NaN,NaN,NaN,NaN,135,0.5,Nitrogen,Ambient,BGBC,Saturation,NaN,1.40E-01,NaN,0.06,NaN,NaN,NaN,1.00E+05,NaN,NaN,-40,-20,40,NaN,NaN,NaN,NaN
77,2013,10.1039/c3nr03989g ,NaN,106,NaN,NaN,NaN,NaN,NaN,NaN,10,PCBM,NaN,NaN,NaN,50,Ambient,N-Doped Si,SiO2,300,NaN,NaN,Au,15000,10,10.5,OTS-18,Spin-Coating,NaN,NaN,NaN,NaN,NaN,NaN,NaN,135,0.5,Nitrogen,Ambient,BGBC,Saturation,NaN,3.00E-01,NaN,8.00E-06,NaN,NaN,NaN,1.00E+05,NaN,NaN,-40,-20,40,NaN,NaN,NaN,NaN
78,2018,10.1021/acsami.8b03288 ,NaN,NaN,NaN,CHCL3,61.2,NaN,NaN,100,5,NaN,NaN,NaN,NaN,100,Ambient,Glass,PVP,430,NaN,NaN,Au,1000,50,8.5,Untreated,Spin-Coating,NaN,NaN,NaN,NaN,NaN,NaN,NaN,200,1,Nitrogen,Ambient,BGTC,Saturation,NaN,1.00E-01,NaN,0,NaN,NaN,NaN,NaN,Nitrogen,NaN,-60,-60,20,-50,-10,-60,0
79,2018,10.1021/acsami.8b03288 ,NaN,NaN,NaN,CHCL3,61.2,NaN,NaN,100,5,NaN,NaN,NaN,NaN,100,Ambient,Glass,Shellac,320,NaN,NaN,Au,1000,50,9.36,Untreated,Spin-Coating,NaN,NaN,NaN,NaN,NaN,NaN,NaN,200,1,Nitrogen,Ambient,BGTC,Saturation,NaN,8.40E-02,NaN,0.24,NaN,NaN,NaN,NaN,Nitrogen,NaN,-60,-60,60,-80,-20,-60,0
80,2017,10.1021/acsami.7b08133 ,104,20,5.2,CHCL3,61.2,NaN,NaN,100,5,NaN,NaN,NaN,NaN,100,Nitrogen,N-Doped Si,SiO2,300,NaN,NaN,Au,4500,70,11,OTS-18,Blade-Coating,NaN,NaN,0.5,100,7,Parallel,25,25,NaN,NaN,NaN,BGTC,Saturation,33.5,1.00E-01,NaN,NaN,NaN,NaN,NaN,NaN,Nitrogen,NaN,-100,-100,-10,-100,-30,-100,0
81,2017,10.1021/acsami.7b08133 ,104,20,5.2,CHCL3,61.2,NaN,NaN,100,7,NaN,NaN,NaN,NaN,100,Nitrogen,N-Doped Si,SiO2,300,NaN,NaN,Au,4500,70,11,OTS-18,Blade-Coating,NaN,NaN,0.5,100,7,Parallel,25,25,NaN,NaN,NaN,BGTC,Saturation,46.9,1.70E-01,NaN,NaN,NaN,NaN,NaN,NaN,Nitrogen,NaN,-100,-100,-10,-100,-30,-100,0
82,2017,10.1021/acsami.7b08133 ,104,20,5.2,CHCL3,61.2,NaN,NaN,100,8.5,NaN,NaN,NaN,NaN,100,Nitrogen,N-Doped Si,SiO2,300,NaN,NaN,Au,4500,70,11,OTS-18,Blade-Coating,NaN,NaN,0.5,100,7,Parallel,25,25,NaN,NaN,NaN,BGTC,Saturation,56.95,1.50E-01,NaN,NaN,NaN,NaN,NaN,NaN,Nitrogen,NaN,-100,-100,-10,-100,-30,-100,0
83,2017,10.1021/acsami.7b08133,104,20,5.2,CHCL3,61.2,NaN,NaN,100,10,NaN,NaN,NaN,NaN,100,Nitrogen,N-Doped Si,SiO2,300,NaN,NaN,Au,4500,70,11,OTS-18,Blade-Coating,NaN,NaN,0.5,100,7,Parallel,25,25,NaN,NaN,NaN,BGTC,Saturation,67,2.80E-01,NaN,NaN,NaN,NaN,NaN,NaN,Nitrogen,NaN,-100,-100,-10,-100,-30,-100,0
84,2017,10.1021/acsami.7b08133,104,20,5.2,CHCL3,61.2,NaN,NaN,100,12,NaN,NaN,NaN,NaN,100,Nitrogen,N-Doped Si,SiO2,300,NaN,NaN,Au,4500,70,11,OTS-18,Blade-Coating,NaN,NaN,0.5,100,7,Parallel,25,25,NaN,NaN,NaN,BGTC,Saturation,80.4,2.00E-01,NaN,NaN,NaN,NaN,NaN,NaN,Nitrogen,NaN,-100,-100,-10,-100,-30,-100,0
85,2017,10.1021/acsami.7b08133,104,20,5.2,CHCL3,61.2,NaN,NaN,100,14,NaN,NaN,NaN,NaN,100,Nitrogen,N-Doped Si,SiO2,300,NaN,NaN,Au,4500,70,11,OTS-18,Blade-Coating,NaN,NaN,0.5,100,7,Parallel,25,25,NaN,NaN,NaN,BGTC,Saturation,93.8,2.90E-01,NaN,NaN,NaN,NaN,NaN,NaN,Nitrogen,NaN,-100,-100,-10,-100,-30,-100,0
86,2017,10.1021/acsami.7b08133,104,20,5.2,CHCL3,61.2,NaN,NaN,100,16,NaN,NaN,NaN,NaN,100,Nitrogen,N-Doped Si,SiO2,300,NaN,NaN,Au,4500,70,11,OTS-18,Blade-Coating,NaN,NaN,0.5,100,7,Parallel,25,25,NaN,NaN,NaN,BGTC,Saturation,107.2,3.25E-01,NaN,NaN,NaN,NaN,NaN,NaN,Nitrogen,NaN,-100,-100,-10,-100,-30,-100,0
87,2017,10.1021/acsami.7b08133,104,20,5.2,CHCL3,61.2,NaN,NaN,100,18,NaN,NaN,NaN,NaN,100,Nitrogen,N-Doped Si,SiO2,300,NaN,NaN,Au,4500,70,11,OTS-18,Blade-Coating,NaN,NaN,0.5,100,7,Parallel,25,25,NaN,NaN,NaN,BGTC,Saturation,120.6,3.60E-01,NaN,NaN,NaN,NaN,NaN,NaN,Nitrogen,NaN,-100,-100,-10,-100,-30,-100,0
88,2017,10.1021/acsami.7b08133,104,20,5.2,CHCL3,61.2,NaN,NaN,100,25,NaN,NaN,NaN,NaN,100,Nitrogen,N-Doped Si,SiO2,300,NaN,NaN,Au,4500,70,11,OTS-18,Blade-Coating,NaN,NaN,0.5,100,7,Parallel,25,25,NaN,NaN,NaN,BGTC,Saturation,167.5,4.00E-01,NaN,NaN,NaN,NaN,NaN,NaN,Nitrogen,NaN,-100,-100,-10,-100,-30,-100,0
89,2017,10.1021/acsami.7b08133,104,20,5.2,CHCL3,61.2,NaN,NaN,100,5,NaN,NaN,NaN,NaN,100,Nitrogen,N-Doped Si,SiO2,300,NaN,NaN,Au,4500,70,11,OTS-18,Blade-Coating,NaN,NaN,0.5,100,7,Perpendicular,25,25,NaN,NaN,NaN,BGTC,Saturation,33.5,1.80E-01,NaN,NaN,NaN,NaN,NaN,NaN,Nitrogen,NaN,-100,-100,-10,-100,-30,-100,0
90,2017,10.1021/acsami.7b08133,104,20,5.2,CHCL3,61.2,NaN,NaN,100,7,NaN,NaN,NaN,NaN,100,Nitrogen,N-Doped Si,SiO2,300,NaN,NaN,Au,4500,70,11,OTS-18,Blade-Coating,NaN,NaN,0.5,100,7,Perpendicular,25,25,NaN,NaN,NaN,BGTC,Saturation,46.9,2.80E-01,NaN,NaN,NaN,NaN,NaN,NaN,Nitrogen,NaN,-100,-100,-10,-100,-30,-100,0
91,2017,10.1021/acsami.7b08133,104,20,5.2,CHCL3,61.2,NaN,NaN,100,8.5,NaN,NaN,NaN,NaN,100,Nitrogen,N-Doped Si,SiO2,300,NaN,NaN,Au,4500,70,11,OTS-18,Blade-Coating,NaN,NaN,0.5,100,7,Perpendicular,25,25,NaN,NaN,NaN,BGTC,Saturation,56.95,2.30E-01,NaN,NaN,NaN,NaN,NaN,NaN,Nitrogen,NaN,-100,-100,-10,-100,-30,-100,0
92,2017,10.1021/acsami.7b08133,104,20,5.2,CHCL3,61.2,NaN,NaN,100,10,NaN,NaN,NaN,NaN,100,Nitrogen,N-Doped Si,SiO2,300,NaN,NaN,Au,4500,70,11,OTS-18,Blade-Coating,NaN,NaN,0.5,100,7,Perpendicular,25,25,NaN,NaN,NaN,BGTC,Saturation,67,3.15E-01,NaN,NaN,NaN,NaN,NaN,NaN,Nitrogen,NaN,-100,-100,-10,-100,-30,-100,0
93,2017,10.1021/acsami.7b08133,104,20,5.2,CHCL3,61.2,NaN,NaN,100,12,NaN,NaN,NaN,NaN,100,Nitrogen,N-Doped Si,SiO2,300,NaN,NaN,Au,4500,70,11,OTS-18,Blade-Coating,NaN,NaN,0.5,100,7,Perpendicular,25,25,NaN,NaN,NaN,BGTC,Saturation,80.4,1.80E-01,NaN,NaN,NaN,NaN,NaN,NaN,Nitrogen,NaN,-100,-100,-10,-100,-30,-100,0
94,2017,10.1021/acsami.7b08133,104,20,5.2,CHCL3,61.2,NaN,NaN,100,14,NaN,NaN,NaN,NaN,100,Nitrogen,N-Doped Si,SiO2,300,NaN,NaN,Au,4500,70,11,OTS-18,Blade-Coating,NaN,NaN,0.5,100,7,Perpendicular,25,25,NaN,NaN,NaN,BGTC,Saturation,93.8,2.80E-01,NaN,NaN,NaN,NaN,NaN,NaN,Nitrogen,NaN,-100,-100,-10,-100,-30,-100,0
95,2017,10.1021/acsami.7b08133,104,20,5.2,CHCL3,61.2,NaN,NaN,100,16,NaN,NaN,NaN,NaN,100,Nitrogen,N-Doped Si,SiO2,300,NaN,NaN,Au,4500,70,11,OTS-18,Blade-Coating,NaN,NaN,0.5,100,7,Perpendicular,25,25,NaN,NaN,NaN,BGTC,Saturation,107.2,3.00E-01,NaN,NaN,NaN,NaN,NaN,NaN,Nitrogen,NaN,-100,-100,-10,-100,-30,-100,0
96,2017,10.1021/acsami.7b08133,104,20,5.2,CHCL3,61.2,NaN,NaN,100,18,NaN,NaN,NaN,NaN,100,Nitrogen,N-Doped Si,SiO2,300,NaN,NaN,Au,4500,70,11,OTS-18,Blade-Coating,NaN,NaN,0.5,100,7,Perpendicular,25,25,NaN,NaN,NaN,BGTC,Saturation,120.6,2.80E-01,NaN,NaN,NaN,NaN,NaN,NaN,Nitrogen,NaN,-100,-100,-10,-100,-30,-100,0
97,2017,10.1021/acsami.7b08133,104,20,5.2,CHCL3,61.2,NaN,NaN,100,25,NaN,NaN,NaN,NaN,100,Nitrogen,N-Doped Si,SiO2,300,NaN,NaN,Au,4500,70,11,OTS-18,Blade-Coating,NaN,NaN,0.5,100,7,Perpendicular,25,25,NaN,NaN,NaN,BGTC,Saturation,167.5,2.75E-01,NaN,NaN,NaN,NaN,NaN,NaN,Nitrogen,NaN,-100,-100,-10,-100,-30,-100,0
98,2017,10.1021/acsami.7b08133,104,20,5.2,CHCL3,61.2,NaN,NaN,100,3,NaN,NaN,NaN,NaN,100,Nitrogen,N-Doped Si,CYTOP,447,NaN,NaN,Au,4500,70,4.2,OTS-18,Blade-Coating,NaN,NaN,0.5,100,7,Perpendicular,25,100,0.5,NaN,NaN,TGBC,Saturation,20.1,8.00E-02,NaN,NaN,NaN,NaN,NaN,NaN,Nitrogen,NaN,-60,-60,0,-80,-20,-100,0
99,2017,10.1021/acsami.7b08133,104,20,5.2,CHCL3,61.2,NaN,NaN,100,5,NaN,NaN,NaN,NaN,100,Nitrogen,N-Doped Si,CYTOP,447,NaN,NaN,Au,4500,70,4.2,OTS-18,Blade-Coating,NaN,NaN,0.5,100,7,Perpendicular,25,100,0.5,NaN,NaN,TGBC,Saturation,33.5,1.25E-01,NaN,NaN,NaN,NaN,NaN,NaN,Nitrogen,NaN,-60,-60,0,-80,-20,-100,0
100,2017,10.1021/acsami.7b08133,104,20,5.2,CHCL3,61.2,NaN,NaN,100,7,NaN,NaN,NaN,NaN,100,Nitrogen,N-Doped Si,CYTOP,447,NaN,NaN,Au,4500,70,4.2,OTS-18,Blade-Coating,NaN,NaN,0.5,100,7,Perpendicular,25,100,0.5,NaN,NaN,TGBC,Saturation,46.9,8.00E-02,NaN,NaN,NaN,NaN,NaN,NaN,Nitrogen,NaN,-60,-60,0,-80,-20,-100,0
101,2017,10.1021/acsami.7b08133,104,20,5.2,CHCL3,61.2,NaN,NaN,100,8.5,NaN,NaN,NaN,NaN,100,Nitrogen,N-Doped Si,CYTOP,447,NaN,NaN,Au,4500,70,4.2,OTS-18,Blade-Coating,NaN,NaN,0.5,100,7,Perpendicular,25,100,0.5,NaN,NaN,TGBC,Saturation,56.95,8.00E-02,NaN,NaN,NaN,NaN,NaN,NaN,Nitrogen,NaN,-60,-60,0,-80,-20,-100,0
102,2017,10.1021/acsami.7b08133,104,20,5.2,CHCL3,61.2,NaN,NaN,100,10,NaN,NaN,NaN,NaN,100,Nitrogen,N-Doped Si,CYTOP,447,NaN,NaN,Au,4500,70,4.2,OTS-18,Blade-Coating,NaN,NaN,0.5,100,7,Perpendicular,25,100,0.5,NaN,NaN,TGBC,Saturation,67,8.00E-02,NaN,NaN,NaN,NaN,NaN,NaN,Nitrogen,NaN,-60,-60,0,-80,-20,-100,0
103,2017,10.1021/acsami.7b08133,104,20,5.2,CHCL3,61.2,NaN,NaN,100,12,NaN,NaN,NaN,NaN,100,Nitrogen,N-Doped Si,CYTOP,447,NaN,NaN,Au,4500,70,4.2,OTS-18,Blade-Coating,NaN,NaN,0.5,100,7,Perpendicular,25,100,0.5,NaN,NaN,TGBC,Saturation,80.4,1.30E-01,NaN,NaN,NaN,NaN,NaN,NaN,Nitrogen,NaN,-60,-60,0,-80,-20,-100,0
104,2017,10.1021/acsami.7b08133,104,20,5.2,CHCL3,61.2,NaN,NaN,100,14,NaN,NaN,NaN,NaN,100,Nitrogen,N-Doped Si,CYTOP,447,NaN,NaN,Au,4500,70,4.2,OTS-18,Blade-Coating,NaN,NaN,0.5,100,7,Perpendicular,25,100,0.5,NaN,NaN,TGBC,Saturation,93.8,1.25E-01,NaN,NaN,NaN,NaN,NaN,NaN,Nitrogen,NaN,-60,-60,0,-80,-20,-100,0
105,2017,10.1021/acsami.7b08133,104,20,5.2,CHCL3,61.2,NaN,NaN,100,16,NaN,NaN,NaN,NaN,100,Nitrogen,N-Doped Si,CYTOP,447,NaN,NaN,Au,4500,70,4.2,OTS-18,Blade-Coating,NaN,NaN,0.5,100,7,Perpendicular,25,100,0.5,NaN,NaN,TGBC,Saturation,107.2,5.00E-02,NaN,NaN,NaN,NaN,NaN,NaN,Nitrogen,NaN,-60,-60,0,-80,-20,-100,0
106,2017,10.1021/acsami.7b08133,104,20,5.2,CHCL3,61.2,NaN,NaN,100,18,NaN,NaN,NaN,NaN,100,Nitrogen,N-Doped Si,CYTOP,447,NaN,NaN,Au,4500,70,4.2,OTS-18,Blade-Coating,NaN,NaN,0.5,100,7,Perpendicular,25,100,0.5,NaN,NaN,TGBC,Saturation,120.6,7.50E-02,NaN,NaN,NaN,NaN,NaN,NaN,Nitrogen,NaN,-60,-60,0,-80,-20,-100,0
107,2017,10.1021/acsami.7b08133,104,20,5.2,CHCL3,61.2,NaN,NaN,100,25,NaN,NaN,NaN,NaN,100,Nitrogen,N-Doped Si,CYTOP,447,NaN,NaN,Au,4500,70,4.2,OTS-18,Blade-Coating,NaN,NaN,0.5,100,7,Perpendicular,25,100,0.5,NaN,NaN,TGBC,Saturation,167.5,9.50E-02,NaN,NaN,NaN,NaN,NaN,NaN,Nitrogen,NaN,-60,-60,0,-80,-20,-100,0
108,2017,10.1021/acsami.7b08133,104,20,5.2,CHCL3,61.2,NaN,NaN,100,3,NaN,NaN,NaN,NaN,100,Nitrogen,N-Doped Si,CYTOP,447,NaN,NaN,Au,4500,70,4.2,OTS-18,Blade-Coating,NaN,NaN,0.5,100,7,Parallel,25,100,0.5,NaN,NaN,TGBC,Saturation,20.1,5.50E-02,NaN,NaN,NaN,NaN,NaN,NaN,Nitrogen,NaN,-60,-60,0,-80,-20,-100,0
109,2017,10.1021/acsami.7b08133,104,20,5.2,CHCL3,61.2,NaN,NaN,100,5,NaN,NaN,NaN,NaN,100,Nitrogen,N-Doped Si,CYTOP,447,NaN,NaN,Au,4500,70,4.2,OTS-18,Blade-Coating,NaN,NaN,0.5,100,7,Parallel,25,100,0.5,NaN,NaN,TGBC,Saturation,33.5,3.25E-01,NaN,NaN,NaN,NaN,NaN,NaN,Nitrogen,NaN,-60,-60,0,-80,-20,-100,0
110,2017,10.1021/acsami.7b08133,104,20,5.2,CHCL3,61.2,NaN,NaN,100,7,NaN,NaN,NaN,NaN,100,Nitrogen,N-Doped Si,CYTOP,447,NaN,NaN,Au,4500,70,4.2,OTS-18,Blade-Coating,NaN,NaN,0.5,100,7,Parallel,25,100,0.5,NaN,NaN,TGBC,Saturation,46.9,3.00E-01,NaN,NaN,NaN,NaN,NaN,NaN,Nitrogen,NaN,-60,-60,0,-80,-20,-100,0
111,2017,10.1021/acsami.7b08133,104,20,5.2,CHCL3,61.2,NaN,NaN,100,10,NaN,NaN,NaN,NaN,100,Nitrogen,N-Doped Si,CYTOP,447,NaN,NaN,Au,4500,70,4.2,OTS-18,Blade-Coating,NaN,NaN,0.5,100,7,Parallel,25,100,0.5,NaN,NaN,TGBC,Saturation,67,3.50E-01,NaN,NaN,NaN,NaN,NaN,NaN,Nitrogen,NaN,-60,-60,0,-80,-20,-100,0
112,2017,10.1021/acsami.7b08133,104,20,5.2,CHCL3,61.2,NaN,NaN,100,12,NaN,NaN,NaN,NaN,100,Nitrogen,N-Doped Si,CYTOP,447,NaN,NaN,Au,4500,70,4.2,OTS-18,Blade-Coating,NaN,NaN,0.5,100,7,Parallel,25,100,0.5,NaN,NaN,TGBC,Saturation,80.4,3.80E-01,NaN,NaN,NaN,NaN,NaN,NaN,Nitrogen,NaN,-60,-60,0,-80,-20,-100,0
113,2017,10.1021/acsami.7b08133,104,20,5.2,CHCL3,61.2,NaN,NaN,100,14,NaN,NaN,NaN,NaN,100,Nitrogen,N-Doped Si,CYTOP,447,NaN,NaN,Au,4500,70,4.2,OTS-18,Blade-Coating,NaN,NaN,0.5,100,7,Parallel,25,100,0.5,NaN,NaN,TGBC,Saturation,93.8,4.25E-01,NaN,NaN,NaN,NaN,NaN,NaN,Nitrogen,NaN,-60,-60,0,-80,-20,-100,0
114,2017,10.1021/acsami.7b08133,104,20,5.2,CHCL3,61.2,NaN,NaN,100,18,NaN,NaN,NaN,NaN,100,Nitrogen,N-Doped Si,CYTOP,447,NaN,NaN,Au,4500,70,4.2,OTS-18,Blade-Coating,NaN,NaN,0.5,100,7,Parallel,25,100,0.5,NaN,NaN,TGBC,Saturation,120.6,4.00E-01,NaN,NaN,NaN,NaN,NaN,NaN,Nitrogen,NaN,-60,-60,0,-80,-20,-100,0
115,2017,10.1021/acsami.7b08133,104,20,5.2,CHCL3,61.2,NaN,NaN,100,25,NaN,NaN,NaN,NaN,100,Nitrogen,N-Doped Si,CYTOP,447,NaN,NaN,Au,4500,70,4.2,OTS-18,Blade-Coating,NaN,NaN,0.5,100,7,Parallel,25,100,0.5,NaN,NaN,TGBC,Saturation,167.5,3.00E-01,NaN,NaN,NaN,NaN,NaN,NaN,Nitrogen,NaN,-60,-60,0,-80,-20,-100,0